,ID,M4rk,Ch4d3au,S4br1na,R0dr1gu3s,Ab4s,D3ng4n,f111pos,f111p1d1s,J3ffr,34t0n,case_status
0,1,0,0,2439.971157244431,7655.48947156536,R509qk7rWi,8yy4FPWFyH,1913.1867037805955,1515.6188426538029,1426.1795847571466,1633.3406570641173,True
1,2,0,0,1495.386341874697,8871.927124651185,7L3RoqA5QF,vf6BBk8ErN,1851.0944616554327,1402.3501197700248,1053.2309672105007,1039.852307379361,True
2,3,0,0,6625.91166749822,1089.0213432734106,pEIO3rwE5R,L0KNq4bdvh,826.9536959358093,1759.3999871881008,1850.4266983398018,1754.9827776474551,False
3,4,0,0,7970.600241059361,5461.367869049947,d9l0F6BC31,sZjty6lJGd,724.2242162675927,1974.2222530045042,1615.0856673322114,1249.1273037628434,True
4,5,0,0,2670.563973404979,8501.254850813502,9bxpspL3ln,nkqtu8yD4R,1858.8095718874602,1309.3493809051802,1760.4944779334019,1767.6177395970153,True
5,6,0,0,7233.164184348123,8528.55153671994,6vKi4Tdghj,vgHCy7Gp4R,1042.0317093979959,797.9370872560605,984.326475326554,1655.7514609406771,True
6,7,0,0,1212.6900586054794,7482.939569833967,AgUPfjTUzV,YYJUIFIaUx,866.9280636109044,955.7216821810257,1058.435592220651,1899.5892369784885,False
7,8,0,0,5263.530163267659,7891.763888872972,fFUUCgdS4a,5aXKVH3tKZ,923.1306452453881,1933.09739320995,1839.3096758965005,869.6519997766686,True
8,9,0,0,7549.141013210608,3387.329251170946,SbL3o0kRnQ,kaYOJ9QvQR,1743.0681139182013,789.7582009581515,1835.3382434731163,1248.8550782674536,True
9,10,0,0,7577.230118678601,5282.245259534048,R81qZw5ZIR,U7gAzmTdaa,1856.864095613668,1070.2470090321408,1794.712310332893,1029.9133535164574,True
10,11,0,0,969.4440856924534,5938.235448299047,SAvc3kWhVB,VBefej7NlK,1232.368184413457,1081.8082755074945,1813.597598114553,1586.4450710167025,False
11,12,0,0,852.6709529137618,7999.888356445209,d9l0F6BC31,0ddflFou73,1116.9119689963038,913.6445799388782,967.9855727882463,1397.9628080038701,False
12,13,0,0,4531.92734448636,5904.611760712391,8v50qcc4mg,BxNIpv58Ik,1027.2762868104248,1467.1177352392335,1707.992949551969,1135.8295232697735,True
13,14,0,0,7607.125720494437,2065.048676841584,6NsKDukOcM,UPx6ksfn9w,806.3243678426795,748.7176965836379,1617.2768158718159,1602.709338233808,True
14,15,0,0,2859.874396805671,3680.237970265828,BxExFZbBNv,W7HRwIdVEy,1579.1440129386565,1100.759499352574,1220.9238350380817,1707.9004946426955,False
15,16,0,0,4384.385890091975,6634.79928837084,cydmZd05W3,L29BpZQ44N,1913.6123721436145,922.1480730182368,1735.2295167390362,1193.4112610188017,True
16,17,0,0,6115.82700744029,7093.82667659063,r9JRcGvYoh,9nsTYKmvMO,1299.5775844015693,1764.4565337663405,1890.523982906844,1659.518390652994,True
17,18,0,0,6561.851480097395,1176.9613261091101,bef3dIzNrA,Ac4KlRfCOQ,1935.556845378337,873.7631753248633,1366.6859129379413,1204.7503672198095,False
18,19,0,0,2343.5891569885753,3657.7818837110294,SnaAdx6kty,9bUQ8TNLUr,1898.4515383161709,1720.3052432626127,1003.3805175268801,1535.2549648031995,False
19,20,0,0,4029.750208489213,3185.481644522694,6EpEO8P41R,aluatZN9Vm,768.3345655785881,1515.97145117196,703.384735777991,764.943689045813,False
20,21,0,0,4989.141136498941,1565.9796493850108,NpHW9vu1KQ,4oBTfvb1AF,1821.6717332403405,1113.0917857979643,1540.7000631097196,1793.8853954433355,False
21,22,0,0,7753.050917256679,8109.54279506223,De2t0otpWM,qwfE5FLqhp,928.2463233002344,1738.6759212213508,707.1831516496636,1452.3433151462832,True
22,23,0,0,3295.4282374939235,1063.1333741434446,sG5E3CzZD8,Yo1rb0Seb3,1977.810848994675,1089.3661834693346,1847.7511220108984,959.3642973993532,False
23,24,0,0,4957.8130093371965,4276.296865371944,SdTHtUEM4N,Zy5r4ZO9Oa,1967.5964597449595,1597.9549925435497,1067.7264163380933,1296.689628411129,True
24,25,0,0,1365.6289414630642,6552.394565502687,E12C68YV3w,D4zXICdO3H,1342.9079482583604,1421.8963103270744,1569.3796934165298,977.9711645768914,False
25,26,0,0,8401.980708451418,2222.8957427935316,C6pgjGcjcD,rUPnqlNf5O,1325.859014764831,1582.6110282877135,802.2100506779805,1963.395868002432,True
26,27,0,0,5653.573258179432,4476.905633669392,opGrLvlYQX,Zy5r4ZO9Oa,1139.8930408380986,1064.2137831568557,1764.9789198859507,929.1582979612618,True
27,28,0,0,3895.305347288,3404.4247036521438,1nhk0Whug5,IRVCRf4SJ3,1607.0752597683786,1993.6233677606892,770.1024235181388,1701.8195574432639,False
28,29,0,0,6506.70562609706,3065.1275921846673,lqPR9spWNS,yrS87ohIyi,1675.9495802010917,1084.1434460249257,1386.7102915486307,1586.0925949494158,True
29,30,0,0,4671.65704280055,3581.9573194760014,H6qOGgUrHq,qLNtmYmG4t,1922.761848458302,813.1743515637436,1012.8103926847723,1869.7759263811013,False
30,31,0,0,5423.189399283209,4253.025493791103,f5REc3znzt,UPx6ksfn9w,904.0792634796911,883.4140767135358,908.2580524948457,1251.488601274292,True
31,32,0,0,3078.4584666130554,2291.5487051492873,7L3RoqA5QF,yBa0v632dg,954.5506549759732,1523.1100671644579,1262.6541648244024,1808.8520385713034,False
32,33,0,0,8439.558375452743,7809.56134086726,cObe3uQlWz,HHnfHustLr,1414.546776504485,1525.4974133612407,1299.8060964810304,732.2198287312023,True
33,34,0,0,7609.069661522091,3483.75943534643,Lryn9YWNmi,qn1F6l34Dv,821.9084270829784,998.1858019007113,1899.597117650814,1427.4823378109995,True
34,35,0,0,2655.443762844983,3507.3772633350845,FE8TEtZENQ,sJC2d8XcSD,1025.8009088381366,1803.041009260635,1513.8761650610581,1690.3009768042477,False
35,36,0,0,2540.88648614457,3145.7834779301224,AgUPfjTUzV,sG5E3CzZD8,1684.6886839147814,1797.197191378371,851.1565860669833,1821.1020246683445,False
36,37,0,0,8844.904629727502,6195.369586635941,6sakxgY7kU,EX6SYjWBoL,1024.0617659709892,747.8343461456216,1422.8806045474903,719.3748561080055,True
37,38,0,0,5894.066595835513,759.9006619249965,yCzy8EmSFa,jmIFGI0FgB,1386.2228647959816,1105.5368736442379,1515.4076164385922,1960.1529055895994,False
38,39,0,0,3687.449268896378,6821.784508481249,d1b2pySb9L,VLjVgL5N5r,1806.7888317597126,1100.1241883160433,1913.884707242134,1890.9520960013517,True
39,40,0,0,2790.4693143753407,2846.4284356945104,J17pfzf34t,CGOd6Oowld,902.1498397302735,1245.0354615018887,1187.8925519253742,905.4081207776254,False
40,41,0,0,4840.872345720957,1851.9525044357651,Y51Vwgnmli,d1b2pySb9L,1387.4874949729106,1079.9843349136142,1288.1990519389024,1498.9218561356572,False
41,42,0,0,8353.617359859458,3958.427098453007,U2xNA19JjH,qRmd7YxBiW,1246.0612342763181,1394.435880594404,1306.4128815047425,1242.2244756105158,True
42,43,0,0,3403.824286626035,4905.392991426384,FsxzrcVJnd,vgHCy7Gp4R,1938.3174828372755,893.8486265608167,742.072150401375,1304.1856164620654,False
43,44,0,0,4952.250358684295,3979.069059673967,WN0TosyJFT,C9E5Vuq6k8,711.0565477273534,1259.146719818682,1747.6389293663954,1586.3957213450467,False
44,45,0,0,2267.5087512433483,7443.35135232564,Nzbm9nY5jz,CGOd6Oowld,1087.7269577507172,1654.0337811428126,1784.3168409137334,1804.2437942262302,True
45,46,0,0,1790.2474021544815,934.3653726447062,2b1JAxkQDJ,wpUGm6Ktfx,1449.5242398278974,722.3336830421138,1325.206771911873,1623.8731731380017,False
46,47,0,0,8804.27197068338,8305.699080244847,HCpfKK0Y0z,05OgaQd8F7,1931.9303314475458,1401.7127399972405,852.518647179985,1607.6358063544658,True
47,48,0,0,829.2925570626064,8977.534308749575,kNR1Pf0b97,UKllChXeOY,1411.8962819445924,962.3309209116469,723.9185785349166,1578.9031820720056,True
48,49,0,0,1455.9425293930062,4605.574610737548,hyglnakrAC,BRCos59LnF,1933.6215737387224,1356.9651704457,1905.1628705731491,1044.3166487017409,False
49,50,0,0,4640.3476420830175,5458.567489000237,Lsjn84ta6P,opGrLvlYQX,1552.925392288038,1810.949644086077,1570.713751032778,1564.9356786295373,True
50,51,0,0,2634.263215926347,1240.2519395772624,PeceHVh9yP,ZNXnkvXEzP,976.4806240413538,1091.195085451905,1239.2191044008855,1708.7177239185057,False
51,52,0,0,6981.6357780604585,1441.5635568976804,JYOrlvqxga,eYvut0wD2d,1214.6675961398341,1996.5597112698995,1707.5126129222208,1932.255952430321,False
52,53,0,0,982.6142210127234,8696.824536731921,fFUUCgdS4a,nAx0x7kotb,838.9024934049052,766.770028431044,1729.0235772141712,1272.166840944088,True
53,54,0,0,7028.953219575497,3300.58811981342,kKKiPFPq0K,rUPnqlNf5O,1876.0577904833158,1799.4314249989804,1905.3165706542852,1767.78461542156,True
54,55,0,0,6803.158328421041,8800.95498526419,v7mjOXANN8,WnY7RAMwEC,923.8482402961861,1332.08599223415,1864.09586122828,1046.4090522793745,True
55,56,0,0,7723.61094233687,6210.3187972829055,eYvut0wD2d,sKdCUZsrN3,831.1143946915295,908.1285266247863,1806.6627450795713,1960.0775556566437,True
56,57,0,0,7668.439401660427,4250.44048354156,kf6oIXQH5K,bYvZyPdYbF,930.8570401985929,1587.5153612167878,1919.4262289747808,865.2783507684883,True
57,58,0,0,2502.2637729323214,8413.247969804444,REZNxbZSMa,FdZPiua70t,1861.1411078443723,1869.5721555482867,1445.78849098303,909.3420596365205,True
58,59,0,0,8693.172589122867,7916.363385828152,rAEWU9PmnL,UEdC9rsRDT,730.0877123171337,1630.7261144156878,757.5055581666705,1536.5137021626435,True
59,60,0,0,4078.893835461608,2651.3212037210988,U2xNA19JjH,wxkpewLWKe,1048.3565066877673,1593.3552971698678,1768.817634807471,1873.292056888838,False
60,61,0,0,5397.2898329443815,2613.259729872392,SAvc3kWhVB,Qf7xd8iDFD,1288.9461385531135,1866.0934251239287,862.5912187316846,1625.649110796327,False
61,62,0,0,6380.763274330437,2195.350861625362,3i7v8D8XYv,QvOl3nWYEP,1450.3242289476325,802.5707074928378,1494.698712231289,864.1888078483287,False
62,63,0,0,6687.397911322703,7825.578286314187,6vKi4Tdghj,PwCG66Ti4H,1565.096129174574,1139.6144390208876,1468.3581962235544,705.6159950868839,True
63,64,0,0,5608.48729351358,2525.2466335447452,SBw4tZC2Ht,mqAFyCAmXh,1765.2887451552224,869.3083722414665,867.0881137954643,1968.8372506362284,False
64,65,0,0,4405.098233166575,6415.5781038496525,RcRuWKf4EC,yvVW6uB7ry,1950.7210706267406,1405.2185085385743,1968.4181801509726,1540.0743940972338,True
65,66,0,0,4758.854861529073,6381.811532960157,sfBI6VXgNp,z3E1eEHUWZ,1670.3625708298557,1010.7849080936921,1295.170866286267,793.6384526238136,True
66,67,0,0,2602.8432589709,4698.660647342878,RIy9lKwE0e,J17pfzf34t,1619.9339618891859,1890.933406716194,1112.7297649907048,1647.8760612078631,False
67,68,0,0,3868.6281226004903,3172.7764658866236,8yy4FPWFyH,k8UmkSNCVL,1763.0983270396869,1976.6112384746307,1590.3787177800687,1955.1746824544375,False
68,69,0,0,7380.956662021212,1523.925052103688,qwfE5FLqhp,DH5BhJuS2C,713.9006060637922,1297.7101693579034,958.6439497362994,955.8705043387508,False
69,70,0,0,3575.7377417689254,4406.948039877367,JOlAdZNs7K,czJUutcY9I,1276.9831385300881,931.7100595493454,1910.1343274127462,1253.2702223670194,False
70,71,0,0,5181.29797351886,6169.398468245055,9ZHcmBtVWv,waGeksxnKW,1334.0688393083374,1786.9804727608066,943.4835545087276,1804.5472968482843,True
71,72,0,0,7366.984667442532,8162.109231906348,VZhwXPrNQ6,6sakxgY7kU,1432.7745982744905,1241.4312666053136,1181.365127642126,1292.8165301936801,True
72,73,0,0,1501.8998975115328,7573.66019965668,lu3Bg1Buvs,UYl7UzWwKH,1628.5265923941733,1239.839561321276,836.4071279392052,1083.5395983664916,True
73,74,0,0,2027.678563036986,8295.795950268512,mAmDvzYpW5,TUtqO6QGz6,764.3272195390067,951.8299026922932,1744.107155678795,1578.3902922342086,True
74,75,0,0,2908.8197812388426,8650.303436214344,dx4xqu623P,rAEWU9PmnL,987.0260223451158,1084.4164989013382,1267.0072379661356,1352.7038953209494,True
75,76,0,0,1941.5545488750563,7766.758628657218,h7mbhdtXFI,C9E5Vuq6k8,1556.8249558231769,1560.2071275640408,1200.9121617571896,1764.5616116170513,True
76,77,0,0,3235.724898323945,8703.598838526803,pwLAlqDLVY,HHnfHustLr,877.1243261675428,1163.966738876771,1776.0476512941157,1800.282942667069,True
77,78,0,0,1461.1803084065696,6003.624228907968,6iq9ymK1Vz,2O4g7RahOm,1200.1542434459843,801.3169710588369,1498.5351334634101,1377.4741226982646,False
78,79,0,0,1216.6742447467732,5414.9492842864665,VBefej7NlK,qnKDEP1OFa,1407.5687128947384,1165.005512410643,1152.0023000835054,1675.9911036057947,False
79,80,0,0,3475.5165943603088,3812.932214175713,dbvlRn2hIZ,B2tNA1RZ3S,1246.3726271137884,1792.7767817593872,1604.0724315349612,877.5372230510084,False
80,81,0,0,2107.6045011567726,5957.189749938889,J17pfzf34t,lCYcnbYtWX,966.7987798828949,1605.105776019358,1471.517104286117,1383.551756844594,False
81,82,0,0,6358.423372573112,3443.3513444564937,6iq9ymK1Vz,uhhUny831b,1088.9390159069549,1626.8141636873856,1580.248949338434,986.4706197461517,True
82,83,0,0,3417.440506958928,4274.731684787435,lx4Nypf18M,BRCos59LnF,721.6724329675491,994.1456079596497,1820.8163018084238,1933.530404501092,False
83,84,0,0,4760.53637731026,4859.554483438512,G9PuwCLR3E,Ml5YEuBrQP,840.0827938666308,930.4893198301526,1821.2876601223315,1052.751737792092,True
84,85,0,0,5382.152823022997,923.9853928764394,gzZcskpFnT,WdtX390Dt8,1131.7502152485686,1988.3059019740588,1521.8126872484281,1866.7895188934917,False
85,86,0,0,5112.161206255065,2648.6060052982243,SbL3o0kRnQ,ihRWhYRjAT,1761.4209702793335,893.9815631880042,1687.4288261069569,1152.8370647600436,False
86,87,0,0,7032.004399967898,4442.793620671211,28foVO8T3V,9O5bQTJ6rZ,1352.2586457831744,763.2142108423305,1497.2804551223517,1145.1569207832924,True
87,88,0,0,4229.491335949528,6051.163990862286,SMtJGK0OhT,ZOjZRdvRG8,1468.0338325651962,1856.3869583477097,1592.8464265031798,1483.9725167054069,True
88,89,0,0,6155.482289211927,1534.5398903125592,OgiLNk99gN,2isl3UzDe1,1475.9917611782787,1762.6008181867649,1406.031246236085,700.7899861210648,False
89,90,0,0,5401.306881902393,2564.391728826862,ij2e2knWw4,YG0U3MBD7S,902.4703619352481,766.9510089234833,1973.6948559682583,1521.356431158145,False
90,91,0,0,7843.794014239889,8818.531970253904,x5kvTpu3nJ,4SauFubjqN,1041.9617720267602,1919.8113872856554,1932.6857283774227,1665.1412453047355,True
91,92,0,0,757.6355566362835,6674.543390208043,3yMzWXA46x,wpUGm6Ktfx,1940.4081474082802,1432.23177415794,1373.6660435839358,1612.7336563668978,False
92,93,0,0,7210.786458632948,6984.572224785524,MDdpOhbuPr,xcttDdvwXG,908.5630318441038,847.1816260368334,1586.9314396282793,1478.3989824240355,True
93,94,0,0,2997.3348435793423,8625.114952244152,AgUPfjTUzV,HHnfHustLr,716.8818595581796,1852.4320676711366,862.3586278065433,1906.5119760756627,True
94,95,0,0,8054.982580572772,1047.4267312197278,ICkT7kyTBu,VmiNqfrw6s,1037.4414519597515,1977.1482699388641,1131.991372207028,1529.790042881714,True
95,96,0,0,2934.6643053688276,8298.58113018765,xJjdtKppOJ,XqJVloKDkQ,886.1803516071327,1682.7958349041742,1781.5564870528117,748.810883625169,True
96,97,0,0,7875.033495656423,4351.966428031864,VmiNqfrw6s,hFWrNFS0Uu,1093.5203400022156,768.9038135452413,1339.3533851885977,1901.4678970216546,True
97,98,0,0,4674.9523927073615,2179.6990162926677,rjqG8WajTh,bUgMd1b4i3,933.2764733823451,1078.280073928946,1104.4804585442494,791.0378674155434,False
98,99,0,0,2998.7242557484533,4939.428678552557,pvaFZD17yU,Mhrh26IbMe,1365.859554066013,734.4274672714823,891.8392706069419,978.563248961573,False
99,100,0,0,6654.227189233421,5399.336355794551,5aXKVH3tKZ,HNBfESy2HQ,1831.6971097939959,1103.89133509439,1557.4172721110717,1773.024920552113,True
100,101,0,0,7445.42083877474,4902.276670517636,ihRWhYRjAT,Q5FMqQx9Fi,1764.9881882433808,1953.7283256463472,1520.8558102111292,1911.4031706310973,True
101,102,0,0,7540.941798242906,7816.721248181899,3PZoU3UzRO,DJtyTBshjK,967.9907054041894,1099.4379101857335,1086.284796813183,790.9086077354444,True
102,103,0,0,8009.409117957065,5861.411954910408,zj1WkWmZoS,Mhrh26IbMe,822.9211330613578,1299.7098539090398,1454.592038805333,1230.8464271112189,True
103,104,0,0,5918.487995696644,742.8585478277174,PeceHVh9yP,PUokqgU6zA,1019.8087969647956,1229.930067066733,1160.7134209836345,710.900571049726,False
104,105,0,0,6622.9614215569,5758.719677664626,R2BGBVHZks,qwdskiMno3,846.0606604067461,1155.5483502906702,1130.2590605382093,1672.2392290715213,True
105,106,0,0,2136.5451015361086,5890.018528993204,945fAWwflc,4oBTfvb1AF,1922.3572089953338,1735.3249795613021,860.3308887994203,1290.9152803633406,False
106,107,0,0,6025.746766937791,7454.201459348441,wZNm785sys,U6FthaI0yQ,1522.910363557361,1010.1230908851828,843.1128948920946,1959.5529364274526,True
107,108,0,0,8002.995278598632,2222.3330052836973,0UZIbAJD4M,VhUXWCxFgj,1047.1218960196748,1152.1582252424937,811.4311588572477,715.7648205105219,True
108,109,0,0,7194.983961797142,4255.804531112577,H6qOGgUrHq,kaYOJ9QvQR,951.891269482287,1039.7412272597621,1221.1010390585534,1932.0430421177796,True
109,110,0,0,7556.171960949286,4225.333497118547,DjXAObYrD1,8yy4FPWFyH,1013.9600357161389,1973.89343722264,1832.6230179961562,1534.7148304461753,True
110,111,0,0,1675.7421115334669,2887.7211085402264,QwCNHP7LgF,iVVWu0Qs53,1568.177263399747,740.5986697002693,1605.9034216911778,1849.1768456094142,False
111,112,0,0,3181.378918249645,3973.409702873258,22tMMyoEfM,FdZPiua70t,1617.0792282539796,1838.8240575824839,911.4077721037849,849.0077127031182,False
112,113,0,0,1246.947908805745,7703.988137472866,DLVjYrjFhr,WpU9KMesgG,1946.39957484715,1464.0790142440426,862.7124356223895,973.2143177122256,False
113,114,0,0,1863.469723700153,8553.728163846034,HHnfHustLr,gQPZYdyLzU,1439.7952334681431,1129.5779211728056,809.7992593853156,1784.5010383153326,True
114,115,0,0,2772.982301638034,4064.578472690284,WpU9KMesgG,8BZ6HW9FOh,1069.4695082279607,1709.5674782798046,1609.6372799493324,1258.0259715499792,False
115,116,0,0,8322.934687097128,5080.463042894613,DrlFBABKU4,9bUQ8TNLUr,1121.4206177794736,1543.0357843145985,1994.8329726525064,1370.3213139443428,True
116,117,0,0,7978.098625597284,5209.3197524316,f5REc3znzt,PRqwDpRGcg,790.9478235153172,1188.6203462249991,1076.1726675137502,1603.273983848418,True
117,118,0,0,1226.9935632042207,7551.395900698723,PryEwqZh69,iFNOKPYNoL,1752.4420708860541,726.396158348834,1905.7343146822898,1382.7248318422644,False
118,119,0,0,7338.200406178154,7910.671048929164,UKllChXeOY,FE8TEtZENQ,1746.8610086683427,1788.6282282292295,1150.0860137178822,1421.0217915200283,True
119,120,0,0,7868.223940449145,7062.022181202897,6xmvFFk9LN,H6qOGgUrHq,1398.8476876998411,1277.3494930983582,1851.8828694688095,1213.6126705282081,True
120,121,0,0,3449.9662770512646,7550.908634760684,6xmvFFk9LN,HIPaoXtiGd,1333.8518365653,1583.7504628195388,1305.2454971910402,1934.1096164848568,True
121,122,0,0,2468.7968137922426,2741.558514559287,B2tNA1RZ3S,MWFmp7ioOi,717.4176052496592,1199.8211052214954,1612.6462890281023,1944.7072208527566,False
122,123,0,0,1235.2888940656026,2048.675532551872,80VcxAz41n,iIy8AAKcYH,1197.8902689086049,1653.4638089223542,1903.1053163902075,1836.2728036642782,False
123,124,0,0,8810.95149856828,1760.3523482021003,UKllChXeOY,d2gVi4ftvg,852.1629053000506,1975.7545212096497,1972.902704820538,887.1066940315187,True
124,125,0,0,1183.1603728498812,2701.0370866947337,bYvZyPdYbF,lCYcnbYtWX,1588.0821646421905,1920.4610605154026,1503.1875929302064,831.6301978319038,False
125,126,0,0,5938.456528154996,5528.143600694374,0ddflFou73,zKHgTiJ4pW,1723.9719840019634,1421.3265500387524,1704.471524589877,1032.9969542513668,True
126,127,0,0,8794.014059169162,3338.6988582215945,l0ZGantmZU,waWja49j6s,1119.1030661765994,1359.8458743854078,1562.1596713509205,1400.0972647227736,True
127,128,0,0,1018.4488094555861,5967.969540421767,gvh4N5IeGk,kWj7m0YOqN,1903.859227941231,1634.635085591808,1244.2990208674687,1410.5537083724978,False
128,129,0,0,8020.8994685542375,7442.965982754317,ICkT7kyTBu,k8UmkSNCVL,731.6684771853263,1329.506262907997,1380.6525604533845,1321.6986559338054,True
129,130,0,0,7729.673368976789,3695.85356912066,Q5FMqQx9Fi,3i7v8D8XYv,912.957943518357,1023.3483909004449,728.8446819721996,1142.602594866749,True
130,131,0,0,4937.695374139807,7549.106109003372,OcPWnmKb2Q,QvOl3nWYEP,1888.551905962456,1950.5695771864857,875.4875932653435,1402.9090900720203,True
131,132,0,0,4221.522257696857,8873.579156180778,UEdC9rsRDT,nYVCJqXqT0,1431.2821941325328,1498.106939607824,1353.0885657348165,1872.614284894912,True
132,133,0,0,7615.995216076275,5299.109424892628,5Lc4ztYczI,cObe3uQlWz,785.097464605519,1038.7984647178005,1509.8990087780794,1684.2100696067778,True
133,134,0,0,3932.2353526646207,8273.243216421208,SMtJGK0OhT,80VcxAz41n,1351.5374618798883,948.6421190489581,1685.168200473648,1357.208675057971,True
134,135,0,0,6500.5885706210265,2877.65579611194,wUBfFh6VNp,wxkpewLWKe,1400.773227351287,1485.9605548584677,724.8804930575238,789.9174987895718,True
135,136,0,0,3982.3713041311557,4065.1537651584913,PzVmEYFfy0,XZbxqqU9ao,810.3334733271984,1717.5005978338063,1257.608886730763,1447.973685098077,False
136,137,0,0,6520.728872654009,2963.631065611331,kpY9Ej2mVA,waGeksxnKW,1921.8063701656736,1718.1554569171835,1906.1647802657594,1877.784664186745,True
137,138,0,0,5439.029616331609,3532.165297882543,d9l0F6BC31,04ZZRj8WgG,1047.615560374015,1523.4299643755435,958.570636517303,1803.9318126702365,False
138,139,0,0,6172.8132492043915,4494.584998342929,4Bqe9VDQTK,pB7iSK3YI7,1180.888513481655,1905.502464102487,977.544960049338,1577.8207409286915,True
139,140,0,0,972.5417596933238,6552.688402725909,CjTjWbdLgC,0WMxtric9b,1543.4197237830776,1001.8918938036325,936.0823084555868,1462.6460607021413,False
140,141,0,0,3674.0214468398844,5943.382190252065,6luXQ3Ee8W,nwcX3i4A1C,1695.215422189352,1901.7042321829547,1178.5941643134647,1591.6450141677637,True
141,142,0,0,7547.15395726424,1114.3236473584918,6yOngQTfCY,zOwls6nu65,1949.9394247743148,1285.311525139079,837.3744622925301,1080.421509338083,False
142,143,0,0,920.8647287678059,4081.297157761349,75K2dZQVeA,RsT0dKtixJ,1096.1102924013865,1627.0109413642845,747.4482762668234,1914.9966711272848,False
143,144,0,0,6438.258949220144,6826.466940742484,SAvc3kWhVB,ZjNEo4xgDp,1807.9059993835945,1021.0191113501367,1152.8875463840698,1734.1696646149153,True
144,145,0,0,6461.047250181238,4064.0217853187255,ExHETGm0i4,AiL6uULzat,1177.9175539914356,1323.0798256854368,1428.5082483106926,1219.5693818085401,True
145,146,0,0,8945.032094284816,8840.673599732367,cydmZd05W3,IqPRR9viPf,1984.838104240252,736.1815574274814,897.1766962720961,795.7744480256952,True
146,147,0,0,8844.905198964309,1993.4648730190775,h7mbhdtXFI,408mOjKh9h,1294.8253395502575,1036.791077989894,1614.9204723211938,1476.277674864154,True
147,148,0,0,1741.9716746890344,6352.413534302306,HCpfKK0Y0z,GMV8zcmbBM,1584.2639843319103,1247.2053565950391,1177.0920734158408,1783.3719901928487,False
148,149,0,0,731.1503596882243,6822.258656129977,1nhk0Whug5,Lryn9YWNmi,1906.1177167434194,1957.5411546121873,1570.1897081427428,1097.2502160293625,False
149,150,0,0,5354.5306078876165,5854.986736636794,HNBfESy2HQ,D5bv01CkCW,1138.3739219626768,1815.002830277225,1992.8262084796713,1901.9849093143043,True
150,151,0,0,719.7653641395143,6513.890248303535,B2tNA1RZ3S,v7mjOXANN8,1285.7202095430494,1260.5665286787778,1306.1915310977906,1089.1613345132112,False
151,152,0,0,6585.219022320877,8905.021299037207,UJyjzFc6o5,SAvc3kWhVB,1453.4026140079914,1692.500033944139,1572.9131245710705,923.934869923831,True
152,153,0,0,1162.1152251125313,6557.25915251187,G9PuwCLR3E,Qf7xd8iDFD,1745.3680877281436,1631.2951727113189,811.9528711754298,1013.279209891889,False
153,154,0,0,1546.8137993037208,8284.196578628998,R509qk7rWi,RIy9lKwE0e,1757.6052447957584,1856.4264234605807,1518.7470487550277,1614.411021301461,True
154,155,0,0,6271.052348908363,719.3735286044913,DLVjYrjFhr,lx4Nypf18M,1786.9944475017803,829.9585127972813,889.513688876847,1980.9073905379917,False
155,156,0,0,8122.88950634764,6089.064741264051,EHHxlNtTsL,6yOngQTfCY,781.6997027583257,852.0449086012734,1207.7582230361638,1760.045762799586,True
156,157,0,0,4637.360123464871,8886.8659318418,tFeeZXE5Vi,R2BGBVHZks,1122.6000497097098,1981.7918648802208,940.863267863409,1650.3385629859447,True
157,158,0,0,7106.38715766022,5057.902335682711,59qlN5dLzG,rMujkR6nv9,1158.2972357886906,761.0879661477662,1399.9048586561403,1824.9510529251902,True
158,159,0,0,4632.87916956287,3577.5346448985256,rAEWU9PmnL,DMUQcQyrmd,1579.8161205224635,1991.1069029845141,816.6508187912166,719.3859636933626,False
159,160,0,0,6603.936828674626,1615.6681269406076,kPDKNpQ9Mt,4Bqe9VDQTK,1722.1805244279763,1174.2808625705277,800.040477709279,1172.3382550407714,False
160,161,0,0,2650.985845601834,7710.682531602263,VhlNkeHEth,QQEesP7UM5,814.9374951484517,1838.5163668143766,902.8555970411157,1767.953009372115,True
161,162,0,0,2793.778793935477,1335.8595809216108,Ac4KlRfCOQ,nAx0x7kotb,1649.6393319913118,1765.4657756430015,758.240747991399,916.6270653604461,False
162,163,0,0,7181.0981509417825,8567.205791019875,rwxxuJORqB,jsMTrkKL6v,920.8753496314218,1315.0264779631598,1428.3469161766016,1783.086527448526,True
163,164,0,0,2118.1139631366586,4551.353546198331,QTXP8ZXSVb,nkqtu8yD4R,1010.273011557854,1824.117176398319,787.6066712212987,817.0199303484924,False
164,165,0,0,3983.229958008751,7278.440679189786,6EpEO8P41R,VwlO5cLGcM,1011.7296880751528,1808.2468085088144,1954.9663127103051,823.5044684802817,True
165,166,0,0,3631.523858539218,7223.462660738347,gzZcskpFnT,SBw4tZC2Ht,1882.9563029428916,1210.6310141210051,1068.210540404649,1824.662329274495,True
166,167,0,0,6320.243411490887,7663.032904382105,lu3Bg1Buvs,DH5BhJuS2C,890.5580459290505,958.9426523559742,723.6628129030973,982.2524071552567,True
167,168,0,0,5878.84343903352,1782.8768467098391,qSg0ki2j4T,N9ZCtcm5Jf,1745.3561871152456,1822.796381309979,1806.089796777187,1496.0881163379106,False
168,169,0,0,6307.844792879758,2709.4902118767614,rUPnqlNf5O,rwxxuJORqB,1295.5590191426704,1972.984507452717,1795.3107810565916,1723.753129356569,True
169,170,0,0,1404.744385549779,2678.1132316035723,JOlAdZNs7K,DW7RduPAAz,1630.2293631701004,1328.6635300160146,1725.4123741867238,1018.2581597057897,False
170,171,0,0,8857.226555394329,7558.227697694627,iFNOKPYNoL,VLjVgL5N5r,938.0457546552587,785.6672009771135,1484.6377858015662,1238.0520496048584,True
171,172,0,0,3576.03762052014,3261.674736321397,2O8zZ9AHH9,Kl6UKhuY7z,1321.3368120116393,1273.0040316740537,1570.996151931401,1461.6129949140918,False
172,173,0,0,8647.212448829207,6471.772275839148,ipVJS7kbvH,nbuSZKeUAX,1617.9748867390838,1342.7647959193273,1544.995215945446,1004.9184660461103,True
173,174,0,0,905.4662353693866,8083.580372068101,cydmZd05W3,czJUutcY9I,1001.1651479942432,1837.9367726919295,1044.6773838539402,794.2202033694045,False
174,175,0,0,2794.8732995946007,5558.711791140354,9XkgJ3VQFW,LlepNggc4T,1044.0814469131753,1331.9115658403311,1357.1501686204397,1470.1720308853937,False
175,176,0,0,4365.702356951479,965.5533417151815,ZRqXxXzRsO,ZjNEo4xgDp,1197.4576370903617,1671.8843313800448,790.4577684827763,1483.0078513458566,False
176,177,0,0,2697.6304033061433,4160.273362077556,pvaFZD17yU,VATrBHN9DZ,1498.9210021983185,1722.208436458486,1277.7668960304052,1221.2784447284935,False
177,178,0,0,8484.95473531622,6904.901556360019,l4T1JjwZVI,HNBfESy2HQ,1509.169588738892,1941.8376324404699,859.6222096605454,1065.1305169859047,True
178,179,0,0,8302.480848665296,6927.438256360691,RcRuWKf4EC,pyB1I6rPVh,1291.0107369777759,1817.2222138045086,1333.1044037541144,1668.2376960880733,True
179,180,0,0,5132.073147328887,5070.64827125157,EHHxlNtTsL,v7mjOXANN8,1188.0261290132244,1671.7214863947067,1215.8977078392581,1044.5790659646823,True
180,181,0,0,849.9592870290467,944.6005006109416,HNBfESy2HQ,H6qOGgUrHq,1768.8032711118674,1621.2239864729368,1509.347327146415,1811.9264879853265,False
181,182,0,0,2294.064051972076,8769.689018954079,1nhk0Whug5,qnKDEP1OFa,1694.864901596012,1229.1758961112514,905.3638841406682,1183.0607024185092,True
182,183,0,0,6652.829986119134,3140.7644664774425,DjXAObYrD1,TP3vhs6ywe,939.0957942174772,1415.3533149854288,1935.996378071257,740.6075044036146,True
183,184,0,0,4865.965746266334,5403.475301192694,nA50cr2ahK,zKHgTiJ4pW,1486.6243042566903,1038.1447127513452,1146.6991779867183,980.1751946393758,True
184,185,0,0,1106.6084104242186,5368.165882756707,C1DKbfYGIg,LcYDfINzCx,1321.351183852113,1393.0996866429155,1967.4162362811396,866.0815114253159,False
185,186,0,0,4737.200729170272,807.403275725377,UPx6ksfn9w,CYRf9OV3wf,1643.4842944042757,1834.2271391542936,1287.2044399982656,709.1213222782426,False
186,187,0,0,7916.12742731506,2193.0338601189924,OcPWnmKb2Q,EHHxlNtTsL,1688.9310740965407,1213.603707192149,1190.8426524107247,1516.1799050937002,True
187,188,0,0,5803.812356833925,4332.438299509117,d9l0F6BC31,T9yoobID4O,921.2685504298712,1578.8562950063606,1600.616071546437,1206.8457756421337,True
188,189,0,0,8160.931257735275,2710.6687233187304,sKdCUZsrN3,UEdC9rsRDT,850.2718531263486,1845.2008382126378,725.5229233680699,1536.05902783506,True
189,190,0,0,1001.7554349614426,5827.211486824049,kf6oIXQH5K,U9O3qQbbeX,1224.133031522928,1831.655707684318,1962.1437746808035,1396.8669460983588,False
190,191,0,0,7768.02313748328,6812.635339382965,PYlg7xV97i,R509qk7rWi,1180.3300515100832,1517.3734654776504,1203.0951741612275,1580.4439160086008,True
191,192,0,0,5196.024218142074,3108.25154891478,hCTpDt5r7u,OzJMhBkpo7,863.5449238786571,1607.0304191024195,1207.9759363657658,1815.6595544015097,False
192,193,0,0,1005.4032561847115,2712.702594214809,CjTjWbdLgC,DPKinX7VTp,1624.7810954730185,1443.7008710425484,1431.5591888956362,1875.3811220952703,False
193,194,0,0,2035.9648438358201,7745.283707095801,cH0Fvqcf63,PwCG66Ti4H,736.4470784398095,1978.2538160632314,1395.827022182476,1008.0537752320317,True
194,195,0,0,4151.791141389459,6536.14249198021,2b1JAxkQDJ,xJjdtKppOJ,1997.5414964568788,1866.8302834002418,1526.508342650151,835.7245128631106,True
195,196,0,0,3317.5924918060487,8951.22343812128,vcHFBJvngn,Awo0CGjF6w,960.114069552151,882.2731522116595,1703.9960320911873,1863.1954613376988,True
196,197,0,0,1668.6997424999154,1831.2500549764018,QcbsMbkAvc,9bxpspL3ln,1742.4876494595349,1136.7762710673053,1560.1273610020871,863.2915857533318,False
197,198,0,0,2820.469038752246,4511.187861474149,ucBfPAJDWC,l0ZGantmZU,1992.4476781357325,1392.2104048456758,1507.913728590484,1064.6385441871596,False
198,199,0,0,7404.519617721084,8032.7585799765575,rMujkR6nv9,FOyIHcfO4t,910.1795105548553,1240.2565501782487,1113.2427454810654,1391.1483260412913,True
199,200,0,0,3847.3089580098563,8547.54378278894,SMtJGK0OhT,VwlO5cLGcM,803.1091050453871,846.5204559936349,1710.9969248600025,1958.2135806645526,True
200,201,0,0,2275.902194299442,4708.314817683894,UEdC9rsRDT,RsT0dKtixJ,1093.159325359651,1137.6276097248574,1486.5094753428411,1527.5578761353936,False
201,202,0,0,2778.1347917328794,5418.4999412948955,gbDsHogEX1,f5REc3znzt,1394.2736286474806,917.7701761354792,1605.1644822394476,1256.6909625256794,False
202,203,0,0,6155.788069903601,1516.7501926041778,b3zIfABGMA,eYEpMh3VvO,847.9747593935354,1864.360898192688,1116.2003748640789,1022.6002115971087,False
203,204,0,0,7004.258622929654,2496.60463414023,zOwls6nu65,QcbsMbkAvc,946.0576172537709,1106.3718124813377,1939.2939210909474,1642.7250063820898,True
204,205,0,0,3909.7002538618153,2363.647313536198,04ZZRj8WgG,UYl7UzWwKH,1271.651039041582,1733.1908602030035,1290.0847204386746,1872.224671840916,False
205,206,0,0,8770.804743122831,5909.215059088209,lx4Nypf18M,wZNm785sys,1220.3983898901301,1691.9939846505445,1420.9363317186742,851.1776740597757,True
206,207,0,0,7818.80117458867,3395.4028150441195,MrlGhS7kJI,IiL66LmII1,1397.541527065901,1629.931679787511,1522.7559297289645,1204.9647116091567,True
207,208,0,0,6280.549945070891,7955.938099364155,Lryn9YWNmi,yrS87ohIyi,1246.5233364111707,842.9462125563546,1801.8287823869216,827.9440715778069,True
208,209,0,0,5429.026324271008,2937.4789759856753,qq2HWbY2V5,LlepNggc4T,1354.4715541195078,1363.951860590446,1907.8170348948388,1912.578686401088,False
209,210,0,0,8458.055063222502,4979.378136754351,TP3vhs6ywe,9O5bQTJ6rZ,722.8627405424396,1028.7400575532474,1776.301299513045,706.0118272607068,True
210,211,0,0,1279.1570467771144,859.8204103629637,l4T1JjwZVI,PYKm7FjhsX,934.8927536280415,1426.1144196909704,1114.7666899969095,703.6684579604803,False
211,212,0,0,2194.8324270092617,6379.899409504395,d1b2pySb9L,ihRWhYRjAT,1699.2157980668017,722.9336732152682,1663.0288625402973,1344.9708163369655,False
212,213,0,0,8341.426890199647,8550.329214710675,fFUUCgdS4a,xWTb8myXBO,880.6180108224255,1686.7629527108993,1913.4510764516374,801.6199309258275,True
213,214,0,0,8021.2412597113425,3711.8359352406496,WU8XfAPoaY,l4T1JjwZVI,1615.5291175559253,1700.447255616651,1190.4394865822749,1346.4361089837078,True
214,215,0,0,4464.375466184245,5298.358271678882,RsT0dKtixJ,4oBTfvb1AF,874.5105776654285,1828.548426787805,1168.8936992258832,1404.1228746819413,True
215,216,0,0,5245.683970009088,2698.3466152318206,fOyIlbNQuz,pvaFZD17yU,1854.895379475994,1121.5395304021388,1170.6655327509234,769.7760465436882,False
216,217,0,0,2836.3256884151906,3071.1213571371854,kPDKNpQ9Mt,gqBYgZv1Fc,1995.3188796562404,798.6720737276307,828.9059775725099,1292.740336975523,False
217,218,0,0,4680.129094782412,7068.656754977603,vUfGfc5wnB,iO50ZHswAv,1032.414212998339,1714.501835353638,806.3045978397727,847.6595753088037,True
218,219,0,0,3550.9017806388147,2882.2345711270973,GMV8zcmbBM,wZNm785sys,1417.8741714402322,855.1029399794642,1429.5075904546634,1440.784868110889,False
219,220,0,0,4945.280566049682,2433.599553873408,7PDkf5uPxe,It98JDxb3Y,1532.1088042072895,1708.1265959901903,975.5151884829836,1866.9353986919452,False
220,221,0,0,8586.251734698526,8377.569048193469,NpHW9vu1KQ,It98JDxb3Y,1159.0179003267258,1633.5996449004374,1824.8539832752576,944.8222484911097,True
221,222,0,0,1466.7900029000073,2818.2037638535803,6vKi4Tdghj,wUBfFh6VNp,814.4765114755678,1193.6438773741106,835.8471932129071,901.8583168299879,False
222,223,0,0,2897.461192702386,2599.7909438873367,lu3Bg1Buvs,waWja49j6s,780.1245176413039,1952.461015848743,1059.3285733350308,1186.9621910208048,False
223,224,0,0,7192.412078223768,2014.602065802736,JOlAdZNs7K,zOwls6nu65,1280.4375993132394,1094.5025794320068,1050.7933019533039,1565.1878698387745,True
224,225,0,0,5187.58755879817,3340.8987884811722,UKllChXeOY,VZhwXPrNQ6,774.8693881966635,1257.5441341889355,725.4076401770673,1007.6832480496619,False
225,226,0,0,6960.860216912399,2693.0804505013402,yCzy8EmSFa,NcMghJymD8,1856.4440142623475,792.7485856299097,1709.5999320143032,1227.6458357771196,True
226,227,0,0,3074.7562963690116,3921.134204892042,3PZoU3UzRO,aC8RuQsXcT,786.1083032285959,1324.6358435339996,1166.0163514103608,801.5505095097697,False
227,228,0,0,2717.8278377134425,7436.164818399021,nYHWg6DwOp,DJtyTBshjK,729.9972318771081,839.0705391008315,1925.6706313137163,1541.2696057613855,True
228,229,0,0,2595.926009614981,6934.693209596567,cTTDNH6dYn,C6pgjGcjcD,1611.8990212636309,723.1259411225208,932.7195481984884,1186.652837340776,True
229,230,0,0,3155.995708310063,1591.8893710049065,i91uDEcpie,Qf7xd8iDFD,1790.457354039005,1602.094839927442,1919.3794519696112,1020.5639983412216,False
230,231,0,0,7835.427494031636,2479.186061767524,VhUXWCxFgj,qn1F6l34Dv,1780.0318912640425,706.8049587126183,1596.2309350800938,1553.81630758357,True
231,232,0,0,2906.735008260401,5820.542876966852,wpUGm6Ktfx,waWja49j6s,912.0077721534345,1590.9245459499357,800.9088206260678,1067.9812569400588,False
232,233,0,0,3422.3875381961966,2360.3800216718982,opGrLvlYQX,Ac4KlRfCOQ,878.5082364211277,1219.0479395766679,1435.1453152011231,1452.296086535551,False
233,234,0,0,6244.830789687398,8418.398015424646,SnaAdx6kty,9zDRUj3kfI,1607.959710416063,1063.2325857584426,915.8791741570108,1478.871150709485,True
234,235,0,0,5796.834691875514,6471.795258386892,eMX2yMFlzK,wpUGm6Ktfx,1351.553904827224,970.597952611419,1708.21346743742,1634.3167963599712,True
235,236,0,0,3204.56807697446,855.7456410598148,gqBYgZv1Fc,9LrvQpxb9f,1342.0004458497938,1911.7951334512359,772.3548449714134,793.1952863759007,False
236,237,0,0,4591.385472286682,2253.4607675760008,kikaTf0BuC,s5DBFKV11r,1496.0340147304532,891.0126899153896,1227.857716623933,1370.7539819200108,False
237,238,0,0,5917.455089656238,3114.8217256141675,Egvq11VASQ,l0ZGantmZU,1049.6091026167435,1022.6872887594639,1995.6348970885538,1532.9286246489053,True
238,239,0,0,6729.230611041364,4517.660840082906,kPDKNpQ9Mt,sJC2d8XcSD,1476.948208974322,961.1898910177094,921.0493846675411,1257.458078052226,True
239,240,0,0,1270.2326759093987,4206.722524998227,PeceHVh9yP,8BZ6HW9FOh,1724.7387322294403,992.2187512299461,1914.135349909268,1931.3783716507617,False
240,241,0,0,8279.313895969262,2488.7848186608744,6vKi4Tdghj,qn1F6l34Dv,1765.6185096048132,1496.534135445935,860.3288505239476,1723.4455185519123,True
241,242,0,0,1940.7358908934982,5395.364069901473,efNwKfavIb,DMUQcQyrmd,896.0950880030067,1907.3714625677694,1425.7227755993829,1390.6887641944586,False
242,243,0,0,2189.1116050249634,1389.25760305212,VLjVgL5N5r,2O8zZ9AHH9,1615.8203603769318,1439.0591169617928,857.0854633597662,1151.5578424220978,False
243,244,0,0,5780.811617491852,1483.183846779904,L29BpZQ44N,nA50cr2ahK,1343.766917708173,1483.673822008539,1558.336149558887,1935.6832373827467,False
244,245,0,0,6212.935573976447,3378.1068923836006,AiL6uULzat,VhUXWCxFgj,1604.0459869813496,1328.0859432144991,1393.2321741388032,788.1983964577257,True
245,246,0,0,795.9665305705262,7232.7633493697695,PcddzaG2Yb,DH5BhJuS2C,1374.9091205284722,1086.2776008439532,1497.9931758363666,1975.6598966320348,False
246,247,0,0,8181.689543703307,4525.91395402349,AgUPfjTUzV,7gf5ycoSYc,905.2079367117406,895.5096343540653,1393.3850487816303,1370.405665837624,True
247,248,0,0,1140.7839616256501,5720.435704554507,De2t0otpWM,WvgyIlZYjl,1362.8022609555615,1763.978548314882,1304.1990727304646,1369.8110312610638,False
248,249,0,0,4146.033110076474,6229.136272792506,PeceHVh9yP,kaYOJ9QvQR,1342.9924488238034,1537.6324937610411,785.2160855612073,1635.6035219277132,True
249,250,0,0,6968.087995279249,8426.363407927382,2b1JAxkQDJ,l4T1JjwZVI,1534.792713157247,770.7399734010789,1662.8622597791632,1133.0924506845295,True
250,251,0,0,7487.668456970179,2639.1757019567103,2isl3UzDe1,d1b2pySb9L,1484.9356163480506,1546.3840090231351,1291.9184107051306,936.4127921479512,True
251,252,0,0,1641.4793971548443,3414.9003468411343,Lsjn84ta6P,hFWrNFS0Uu,1347.9389609925938,997.9196119003557,1389.9119631430076,1585.569304064993,False
252,253,0,0,3145.2555557601895,8349.743705412711,9nsTYKmvMO,k8UmkSNCVL,859.7004305040915,1086.2931483857872,1952.257665118036,1435.0135013405695,True
253,254,0,0,8981.48948307459,4794.162377602208,L0KNq4bdvh,vawrfG2T8s,1132.5354180176164,746.0787374918559,1087.6778381015597,906.7217234507614,True
254,255,0,0,8265.65129262468,6837.1641807722235,Y51Vwgnmli,SBw4tZC2Ht,1593.9381617152412,1541.7783876151598,873.0157256539383,1508.6265842803818,True
255,256,0,0,5495.658609074277,4647.283762374982,5IXW2nB5qZ,22tMMyoEfM,1057.7445675256852,1360.0283797856832,1081.6407412773342,993.1056136101996,True
256,257,0,0,2033.9541082579308,5370.690583107757,EX6SYjWBoL,5IXW2nB5qZ,1700.8008737504274,1413.9770275553306,1111.289561710542,1782.1448792282451,False
257,258,0,0,8817.19223473559,5417.073110195141,TwBfm8C4jD,YFjziAHG4L,1022.0631827505123,1715.7593719795002,895.355408409834,707.8075824327582,True
258,259,0,0,2304.9800613987795,6729.213343000592,zOwls6nu65,UPx6ksfn9w,1521.977236789326,1327.2829532978994,1021.3464196340874,972.7087047382968,True
259,260,0,0,5606.437247828313,4670.2440956507,zKHgTiJ4pW,bYzLzPMMhK,961.7020974251668,1722.2095199019,907.1653950750186,1647.4827609064023,True
260,261,0,0,754.3437916687643,2413.3225084966043,ZW9Pmk4m79,HIPaoXtiGd,1753.6367907294107,1621.31813546785,1638.2024286036942,1075.067126793154,False
261,262,0,0,3801.0646165397343,7305.331692777358,XlzSWrOers,JI3UJm5nhg,1458.812353246588,1211.7464501215443,1582.5860170139688,1343.6627230478248,True
262,263,0,0,1965.7081932526892,3896.536704747695,ExHETGm0i4,N9ZCtcm5Jf,1318.8901177561963,1503.2222684403869,700.3053164178004,1164.3686138888802,False
263,264,0,0,1459.442785507746,3348.0737716788485,QpNNjbfpSB,mAmDvzYpW5,1591.1485028936002,1324.7909880440984,1744.2831521347898,1698.8799607444755,False
264,265,0,0,4708.532908114776,5640.612053184188,G0oinuqCrI,DLVjYrjFhr,1135.343708500289,738.4354014806689,1592.2571714804512,1386.598006610197,True
265,266,0,0,2087.240683279102,1488.9005078149828,0UZIbAJD4M,2b1JAxkQDJ,1901.7863391802034,995.9909234003892,1249.497277965595,1411.2114527673248,False
266,267,0,0,5648.575169503105,4300.900638343762,sEfQsvgAtH,U6FthaI0yQ,840.9711922201852,1509.197596089171,1893.848656521192,1619.9324233008342,True
267,268,0,0,8142.844321509086,4456.004744108343,kpY9Ej2mVA,iO50ZHswAv,1999.4730499201692,1531.032106417596,1363.542803399825,1985.7579540865456,True
268,269,0,0,3760.7470274729294,5480.697254527082,Vdrlu0JBq2,LlepNggc4T,979.2225130131005,826.0270305039672,1424.1560162322235,1823.9460861504738,True
269,270,0,0,1593.0653317075844,3599.8702117191356,bM13ggLMRq,yvVW6uB7ry,724.6766920392765,766.6797094972661,1521.2986346474509,1964.8907776043654,False
270,271,0,0,3382.6447985523982,7918.271869956852,brQzNbr4Nc,U9O3qQbbeX,754.8812655334485,1584.312797526308,1821.9487108686287,807.065662684257,True
271,272,0,0,8095.138351365263,3579.9113145035976,Wd7dsMDcrG,gDICDbKOZT,1045.878223958333,1290.0175831305478,1018.090745745275,1343.246316864501,True
272,273,0,0,8445.39554156857,5714.603437790643,lqPR9spWNS,waGeksxnKW,1301.0952140746747,1620.5761128506851,998.2993329644048,1647.9204862847528,True
273,274,0,0,1996.390431795457,4293.092076127672,d9l0F6BC31,srDUePodOy,1546.4702624175156,1706.2191561872173,1775.5252534162778,1762.6866523032058,False
274,275,0,0,1673.4633006528654,6998.3762745166605,I8wPF5x6Ed,kpY9Ej2mVA,1382.082244790984,1482.4758930403066,1290.0861063664606,1567.4001581363302,False
275,276,0,0,3358.014114100723,1220.670627125729,qLNtmYmG4t,75K2dZQVeA,880.6718093890415,1244.6737017211967,1567.1725213563545,1502.905944497627,False
276,277,0,0,1209.5596188608192,2737.264900135713,pvaFZD17yU,9ZHcmBtVWv,1769.3280303935383,1219.2264521546085,1570.4952074197126,1794.9018951849762,False
277,278,0,0,5176.624229645877,5443.9982935112275,hFWrNFS0Uu,28foVO8T3V,1647.272822440494,1757.4655509737784,785.6528133746214,817.34299267515,True
278,279,0,0,3605.18781514693,6140.022681785283,lx4Nypf18M,rMujkR6nv9,1393.3339016155442,779.3415575118361,1110.3166086164208,1487.3231691285087,True
279,280,0,0,5715.200985820173,8908.360823944218,TUtqO6QGz6,qq2HWbY2V5,1154.5179819152406,911.5616917244963,1101.058571455344,1356.7032780054683,True
280,281,0,0,7098.787050727775,6337.866225780165,4Bqe9VDQTK,POr9KxpHK5,815.2636779763695,1078.0006007267418,1469.5377005136907,1801.6375683958743,True
281,282,0,0,6622.674930519117,7356.039729864412,VBefej7NlK,rwLHEWONqD,1326.3886668760501,1640.8545295931085,1883.6127740922184,899.9307144639898,True
282,283,0,0,5358.470204597641,7743.94204714904,QrYj6AVibj,sEfQsvgAtH,973.720239778535,1034.5490177766674,1703.4229104688347,793.6695259272675,True
283,284,0,0,5612.988948898497,3984.208846673668,czJUutcY9I,jsxP5JmRbO,1032.1113038967069,1325.4293662735665,1824.3747068931063,1839.180457687365,True
284,285,0,0,8092.806007590949,6710.947232908245,lNcSVdUiMw,Zy5r4ZO9Oa,1517.0811157020098,1857.289999703874,1178.2839561657156,891.320634346418,True
285,286,0,0,4863.608904718615,2286.552925177342,wA3oBcSn4v,kf6oIXQH5K,890.9830094777908,1452.7127283841533,1771.2308396059552,1037.6913497005437,False
286,287,0,0,1284.7381680744063,5909.128368823606,VBefej7NlK,d2gVi4ftvg,1239.8839930339589,1550.0898704258989,1128.9954088456948,964.189160140775,False
287,288,0,0,4637.1557199615,6254.627714136066,VzJ2n4dUan,PwCG66Ti4H,1290.7934183957923,1221.4760779565975,1954.577679297137,1449.3888418954134,True
288,289,0,0,4874.763167184516,5885.63337344022,CGOd6Oowld,2Rf1mFOFjR,1975.0253983007042,1792.5922507185242,1357.9547792444155,1322.843760448621,True
289,290,0,0,7180.264602590782,2639.416200609985,hzLhzkmnux,0q37Z4UgW2,1789.92487335542,961.6126559570655,1503.8366863480753,1769.3938763148276,True
290,291,0,0,5339.780295949205,1677.978542789393,BxNIpv58Ik,sfBI6VXgNp,1981.7526716357859,719.4055537068964,1787.3655511057573,1837.4641493615934,False
291,292,0,0,3061.2057608912096,6820.2247288445,IiL66LmII1,8v50qcc4mg,1655.1427308666398,934.4811558176292,1029.5289120840157,1087.0461836711997,True
292,293,0,0,7488.071768067842,8138.3054196191215,s4JH1l2kxu,kpY9Ej2mVA,1670.7451174390808,1633.4529704710974,1940.5724556579612,1553.4024174470094,True
293,294,0,0,7696.190589317185,7744.416899880386,Wd7dsMDcrG,tRIzADvA4T,1284.5339302992647,1009.6934217394424,859.8135536572337,1088.049072289971,True
294,295,0,0,5689.565606599801,4975.547569843487,VBefej7NlK,9LrvQpxb9f,1611.919453110936,1704.4211237984466,1482.0327520802296,1047.7745859076113,True
295,296,0,0,7294.86299658098,5153.800703517238,408mOjKh9h,Kl6UKhuY7z,1447.0480704289098,1443.5854601485344,1022.0941414595734,1494.8945753286753,True
296,297,0,0,3953.871995026987,5546.78581075363,yd29eEV4mC,iB6LuylOKe,1351.3291543159166,1384.9412526006292,1063.9291308337572,1440.39352363238,True
297,298,0,0,3901.0276708032156,8579.875363483137,LcYDfINzCx,PYKm7FjhsX,1765.7150647785224,1615.5803253096346,1169.270427399579,1642.2706794798796,True
298,299,0,0,3004.875854332346,8891.064368286703,efNwKfavIb,PlOnOlhqHV,1240.5719167732364,1079.0331852791505,895.5743698343182,1320.3191010233759,True
299,300,0,0,5958.882176042964,8348.664115063635,JJYCjcTjnR,DJtyTBshjK,1772.70369240105,1593.3814431611809,1202.2316038319218,1829.6119719761218,True
300,301,0,0,6633.215835697834,4043.98381705217,SuY86sf7uM,rLpHe0ey7P,1436.5912714384986,1764.3364113481582,1139.250115588227,1800.406491656489,True
301,302,0,0,3594.812409170963,8130.120025717712,24WCquNtKL,U6FthaI0yQ,766.6166433473317,706.7248614903639,1170.0101919596434,1298.4333693371977,True
302,303,0,0,7463.7514587190235,2804.7717127581263,XDMskNgNTG,Egvq11VASQ,951.5156767748481,1020.4478599439399,1057.776305936372,1650.3955339001832,True
303,304,0,0,6188.411948656603,8275.056782757298,BRCos59LnF,U6FthaI0yQ,770.9093322121652,952.0287331445761,1298.4928075768325,1650.269087207751,True
304,305,0,0,3823.3701179888403,4509.788070287825,USPgqgSt8w,s2jXta29OY,1712.0053060994326,1825.6222817355049,1422.3741988579764,965.6749891197029,False
305,306,0,0,7470.786664931566,7265.803000486526,kNR1Pf0b97,zPXnJ1UXmZ,988.69937031316,990.3062750261088,1463.5922761587926,1984.1095694834767,True
306,307,0,0,804.7993809059762,2096.95328393833,9GCUpxWR6D,NZD3xy94xS,734.7025775925099,1884.482879797545,779.1414704828751,1313.4730649802743,False
307,308,0,0,8923.82202537805,7297.748224245822,bM13ggLMRq,NpHW9vu1KQ,1512.2775438080985,1408.9145956706816,1532.843993717208,1201.1447186972766,True
308,309,0,0,6068.449418149554,5944.747097364694,B9OvBT0v4y,5IXW2nB5qZ,1590.0282404446025,1486.004566772959,802.1975294195529,1083.7999452414515,True
309,310,0,0,1291.6868098119683,8532.786391552163,3yMzWXA46x,R509qk7rWi,861.4298610062547,933.2634804926873,1724.7852334974727,1319.1908314738753,True
310,311,0,0,4861.703077386805,6102.326087909412,DjXAObYrD1,hFWrNFS0Uu,890.974716935683,868.293226974607,1251.5441553801456,1963.183345871001,True
311,312,0,0,1735.321749184621,7922.996329063601,9GCUpxWR6D,BRCos59LnF,1525.1481583167943,1058.7641613194658,1078.2867496507038,1894.612386919948,True
312,313,0,0,5851.108278052809,6925.678374122603,x5kvTpu3nJ,c3vjr3t1j9,1553.8369399683986,1196.4500179865827,1231.4352132312852,1410.2290742280572,True
313,314,0,0,1965.0008842568686,3258.9746811490977,qApMuAvJWo,BxNIpv58Ik,1246.6342899663073,1797.92747894351,795.3039673713977,858.9039275472651,False
314,315,0,0,2442.256818874555,3089.4563393652725,93Uu5qS76g,updQc4EqVy,1126.0067064063014,1554.2807742865255,931.3099635115525,1530.5166410182615,False
315,316,0,0,8424.325218911106,6716.79699091163,ZNXnkvXEzP,i91uDEcpie,1409.7835327581306,1579.9238264718745,817.4014251348274,1129.973300541721,True
316,317,0,0,6521.133057645775,6985.950493896073,HHnfHustLr,LcYDfINzCx,766.3170837959118,929.386990328019,1768.0346627566778,1924.2526380987226,True
317,318,0,0,7540.521365602523,4340.220485645201,BxNIpv58Ik,IiL66LmII1,1954.7750187184918,1833.0423148483394,842.5554104465838,1411.9337406485859,True
318,319,0,0,8562.531808474954,6731.185053636161,Z2c8E9mgKH,LmlR1MhiXV,975.3053946071702,1562.345964426478,1964.0043795412807,1933.089509544905,True
319,320,0,0,5934.007806954542,8368.097011382211,Qf7xd8iDFD,dAGCYNOFFT,1863.8563435667731,1060.2114252309973,1448.8431169305384,809.4598181695645,True
320,321,0,0,7266.686330630682,5883.443833489284,IkCTlnwnMB,24WCquNtKL,1148.5009147794487,1347.876876428978,1741.558160756506,823.7405386127804,True
321,322,0,0,5182.098342293331,5025.600756613512,XDMskNgNTG,kKKiPFPq0K,1239.929312039405,1722.8902936139773,1482.500199940379,1054.2123232519862,True
322,323,0,0,4878.592296789366,2425.1902261615032,gcHzU9N6P4,tiYT5XvOoX,1239.4303797048838,1572.493422603642,975.2091839427485,1955.679184895034,False
323,324,0,0,4760.324452067121,4073.6528319338263,zPXnJ1UXmZ,5Lc4ztYczI,1297.4861077493879,1996.1814407294403,1110.5592160218507,743.625919443172,False
324,325,0,0,2760.027525430951,1830.3505331967506,gwU3FKvLsq,r9JRcGvYoh,719.7310818216264,1612.1668332278218,1135.0826240779777,1792.839927702623,False
325,326,0,0,4062.2852185167285,714.8752997119861,C9E5Vuq6k8,xJjdtKppOJ,1100.8621868325197,1543.7076732835294,980.9294047685604,1823.1011665564865,False
326,327,0,0,6188.070300319846,4287.686646192629,YAbk7gbAr0,yCzy8EmSFa,710.1069768201421,1981.4473876630832,1197.6570058599293,1063.0799345188648,True
327,328,0,0,3519.7390800962853,8276.88088265428,gQPZYdyLzU,vPTi0zmRTG,1939.1290391309146,1187.1356869904878,1292.4920933146327,1410.8148031638116,True
328,329,0,0,3370.0731541936175,3759.13112161998,4Ydcb5nl3n,FlYTb2Z0sG,1647.8050111209914,1872.485552255519,719.9141461130407,843.4501525960911,False
329,330,0,0,1739.739658085887,8371.70531364004,aF7llxHMvF,Nzbm9nY5jz,1381.6263981793804,1613.225156113476,1253.8544768638053,981.3446446058798,True
330,331,0,0,4722.920300468078,7148.470556781079,xzyG1UtmuQ,1Zkx9rgPIA,1301.1267977176121,964.5298764255867,1785.6739558408453,1567.5074672332435,True
331,332,0,0,7912.559059975011,2424.48963592572,6NsKDukOcM,vf6BBk8ErN,1700.9486702302816,1147.4539668661087,1726.463411905201,1489.806637203324,True
332,333,0,0,8979.964198331289,4574.852678863081,I8wPF5x6Ed,wpUGm6Ktfx,1189.0945943563331,1858.8072600355702,1748.3497125521437,1249.321908349061,True
333,334,0,0,905.653914415455,5790.392678627506,wxkpewLWKe,pB7iSK3YI7,1748.5135611748426,1822.3046704411104,935.5311303423294,964.3867318249333,False
334,335,0,0,8826.3065278466,4635.826531105571,DiUAI4IfMN,Phz2l1W707,1544.5461888803952,789.8667544925888,1140.964711787733,1705.1095826696896,True
335,336,0,0,2088.3367945425866,6778.729062759501,TwBfm8C4jD,s5DBFKV11r,1752.802849531757,1334.3088157854133,1111.156468021321,870.7645967425403,False
336,337,0,0,5278.8138452899875,8492.51596353422,2glj5CNYGZ,nYHWg6DwOp,1059.4704330658988,1481.6162603979492,894.7043358125205,1412.1063651690495,True
337,338,0,0,8754.741701489836,7035.394142777388,UKllChXeOY,vgHCy7Gp4R,1319.8947192090873,1493.2453581916175,1210.4897602255767,1349.2222934264073,True
338,339,0,0,6189.427173215381,6350.932562096088,U6FthaI0yQ,RIOghI6FOP,983.7650400219813,1864.582915944036,713.7860950329389,1140.5584849944494,True
339,340,0,0,6756.021330924279,7707.19095261829,PUokqgU6zA,22tMMyoEfM,1908.837230831049,774.0802444244172,1588.5938590619273,1929.187903875808,True
340,341,0,0,5026.8458136009895,6846.908522165492,qnKDEP1OFa,PzVmEYFfy0,1674.8015077224172,1230.7672835386334,1120.7642796164032,1281.773559412834,True
341,342,0,0,7470.510407689884,5265.447489493603,SIwqYkkrNu,czJUutcY9I,803.1640244574531,1137.5248961707237,1424.8464859592887,1770.647287368041,True
342,343,0,0,7420.271897896503,5694.517321186172,nAx0x7kotb,lCYcnbYtWX,923.697158545229,961.3840036545182,1344.8534613961924,740.6471490835205,True
343,344,0,0,2927.1337579168708,5275.657998183406,qGhsMrtY1S,Awo0CGjF6w,1098.6321473470427,1483.356635491447,1301.7244937573728,1824.6508635648509,False
344,345,0,0,7951.533172960525,2666.719535279405,VwlO5cLGcM,kikaTf0BuC,1872.8291174586593,1447.0598630124987,1219.398303006095,899.0346032417983,True
345,346,0,0,6395.359900598296,8119.033000849991,kPDKNpQ9Mt,wA3oBcSn4v,1576.9109193480047,1192.1365545313975,1360.319077524718,1336.0073820710616,True
346,347,0,0,3920.833841697385,5247.95354922473,BxExFZbBNv,v7mjOXANN8,752.385938350785,1859.3084316472043,1589.4848227346738,1756.2555864400847,True
347,348,0,0,1682.8217015301543,5184.947913401526,d2gVi4ftvg,xWTb8myXBO,1355.5777216234314,1106.79270368263,1648.6416580770338,1406.3350551708581,False
348,349,0,0,4781.757621682091,6158.820564636602,9zDRUj3kfI,qEuAojliGU,1736.5741209415244,1468.6441255985005,730.4445801362369,1233.9021073238182,True
349,350,0,0,1117.5464384706609,8978.320091917674,0q37Z4UgW2,ecGhP76InJ,1313.919915680846,1867.7401690296276,1869.3741263661439,1947.1223791836585,True
350,351,0,0,4679.513524817293,3052.7779830506925,jZCWLfIDae,SMtJGK0OhT,1517.9018935124095,1054.4240299772368,1456.9996408136903,1456.212662611898,False
351,352,0,0,7724.076430817215,5059.954078335032,eYvut0wD2d,bUgMd1b4i3,1281.2827705289142,1361.0531227052409,1000.9049263833896,939.1122075858484,True
352,353,0,0,8751.444831935667,2456.0886181055484,D4zXICdO3H,0UZIbAJD4M,1027.6588588228312,1170.5944367001875,1862.1821964270503,1490.8023278220264,True
353,354,0,0,1764.0451194642233,8167.05902674509,1nhk0Whug5,CvV1NmcrSe,1479.3497157050774,1542.956790484731,1698.8411357238474,912.9525611804379,True
354,355,0,0,6738.776243609605,3042.49198164364,qq2HWbY2V5,UKBOIXXXE0,1785.1432583215073,1163.225464617746,1842.5782998354928,723.3628146728955,True
355,356,0,0,5726.14262946482,737.5576583558967,c3vjr3t1j9,IkCTlnwnMB,1721.2398798303093,1778.36726942987,1008.6888155733993,1123.2557706279892,False
356,357,0,0,2190.6600759961084,1378.663073100646,lCYcnbYtWX,nsTJwbldUd,1589.391761932081,1362.12165161638,1759.7127180111754,761.5912461389021,False
357,358,0,0,8401.488237664946,6985.302847839887,Q5FMqQx9Fi,CjTjWbdLgC,916.867755434706,1854.7430511462148,1405.4138736806867,1125.6537977654477,True
358,359,0,0,8544.83840865059,4433.180121544821,qVTf6Uqrw0,LlepNggc4T,1947.5889420163758,1721.1119036286577,1264.2842046551364,1978.3493668652848,True
359,360,0,0,8049.107502972543,5083.520874827725,nwcX3i4A1C,zPXnJ1UXmZ,718.7217761237958,1882.1739619559926,1142.318199573518,712.2542617848861,True
360,361,0,0,3433.8598835794,6444.87594026585,xcttDdvwXG,sJC2d8XcSD,1607.9971537860806,883.2630128373612,1947.836982877529,1265.7290607657624,True
361,362,0,0,8283.740278956291,3712.99930899971,WpU9KMesgG,zj1WkWmZoS,1683.3370455125269,1828.6625899106084,1386.6569512897859,750.0297764318018,True
362,363,0,0,1364.9099554774725,5153.470447499113,9zDRUj3kfI,mM9sZcW3W2,1604.9526919866712,1831.4945248209913,1425.5150712098985,1802.147911880656,False
363,364,0,0,8670.576198393133,2382.2336778410877,6EpEO8P41R,yvVW6uB7ry,991.7189877191647,1845.857536963666,1382.9251099234325,1647.013461711383,True
364,365,0,0,7971.450201154165,6549.6599798175175,aC8RuQsXcT,5IXW2nB5qZ,766.1676975318983,1351.0152338897178,1008.6339711439366,1999.5745775904775,True
365,366,0,0,8967.778471787104,1559.9777200629142,kPDKNpQ9Mt,H6qOGgUrHq,984.4688815775619,1752.7649211547368,1977.5926025647782,757.5761068314755,True
366,367,0,0,7157.142298255495,3294.1729454792703,VATrBHN9DZ,R509qk7rWi,1996.7822350741922,1982.258061471853,840.017312867548,1211.5694479461097,True
367,368,0,0,5878.936832193961,6397.932439953153,qApMuAvJWo,SbL3o0kRnQ,1729.7553487114726,897.6650967404531,1880.1169704490255,1721.3319923085955,True
368,369,0,0,4441.088340784299,6346.461932708331,aluatZN9Vm,Q5FMqQx9Fi,1760.302982347841,821.3892006558159,1433.697788274264,1637.11064305006,True
369,370,0,0,3292.071264209275,8297.472912446814,WpU9KMesgG,y5FzgYcwTy,1639.7652544395364,1654.0834800739403,1259.9656243277675,1517.4957978986217,True
370,371,0,0,6887.632677575135,6202.05913850189,lu3Bg1Buvs,updQc4EqVy,1024.0776041423833,1871.7907344211533,881.3076728630277,980.7166256659291,True
371,372,0,0,8737.718101351687,6240.105876693894,dbvlRn2hIZ,yd29eEV4mC,1262.559530621259,988.4323694378614,754.1244217570672,1478.881938546264,True
372,373,0,0,3266.3115431601964,2571.2596244924403,jmIFGI0FgB,Lryn9YWNmi,1458.3730813642858,724.8666463672713,1717.7632251989278,710.9543723715846,False
373,374,0,0,3136.422905071857,1867.7517191887327,L29BpZQ44N,fOyIlbNQuz,1984.975454408549,1196.1319326978114,1775.066431898403,1354.9707393558656,False
374,375,0,0,6748.656936675258,7783.237638807823,f9O8iSB7qv,S0aDTrnujX,1850.6255891226654,1431.0188676637758,1724.6214413441337,1750.7656748193756,True
375,376,0,0,6345.610522265451,2025.2196668825095,iFNOKPYNoL,zKHgTiJ4pW,863.0110671348446,1302.4970272261098,830.6477504308833,1943.2209907760353,False
376,377,0,0,7546.505446009363,5962.87345664501,TP3vhs6ywe,NcMghJymD8,763.2971735731161,876.5387278631054,1677.2015190600828,771.4713158344778,True
377,378,0,0,7500.5546873959365,7867.546848605669,7L3RoqA5QF,KN6AAOLgm8,1294.4368757597783,1496.960019238848,1703.015025890142,1326.9915058192487,True
378,379,0,0,1988.2878171134018,8982.119845250196,zrBSZLg75Z,U7gAzmTdaa,1713.1819302551166,1877.9188799197816,1010.5893435281076,758.2271619001475,True
379,380,0,0,8407.162611937907,4528.294819592154,2b1JAxkQDJ,AiL6uULzat,1517.9001523076363,1829.7747273200707,1341.6298680514074,1768.4797054558678,True
380,381,0,0,2756.9503342633257,8490.429212297331,UJyjzFc6o5,80VcxAz41n,1451.2520990420041,1485.055253084261,1693.855235463046,858.050135875347,True
381,382,0,0,1752.37235670721,6981.944585630627,qLNtmYmG4t,SdTHtUEM4N,1073.278822859038,1442.0032697797235,930.2545364446072,1995.0520973869523,False
382,383,0,0,890.5140890903251,7290.652347424513,ORBzwVoOOl,d1b2pySb9L,1323.638213697791,1763.6891833546172,1015.0609469438087,1131.6906138303405,False
383,384,0,0,1711.7197231415994,5411.4225390175925,Awo0CGjF6w,BRCos59LnF,1753.2418935819474,1122.0533234786778,742.2142889099657,1309.0343454327062,False
384,385,0,0,1934.7921069100291,7847.685079700131,JJYCjcTjnR,0q37Z4UgW2,783.2129367696406,721.3689736114669,1343.7952271884355,1305.5731357897798,True
385,386,0,0,3992.2915728483263,5213.541632911894,U6FthaI0yQ,UPx6ksfn9w,1577.5191155797056,745.3746161030604,1401.4713219926089,987.0345357768811,True
386,387,0,0,3658.912191443984,5882.804133749028,cTTDNH6dYn,xWTb8myXBO,1876.4508873840202,777.3460728083384,1550.6933800127238,752.1208211352059,True
387,388,0,0,2579.076811750419,1926.6033223192874,AgUPfjTUzV,2fM9KIN4nI,1695.918201141403,1150.7172660745434,1013.0200789101916,1530.1017328831826,False
388,389,0,0,1765.2847771303525,7398.210180128214,Au5W1smI2P,DXBm1N8wZF,1504.5309003885604,1236.8887752880714,981.5371835766844,1581.5558331258617,True
389,390,0,0,2331.468579421684,3188.0676711983974,kf6oIXQH5K,D4zXICdO3H,709.1237015384878,1094.1855683748222,1228.1143675391945,1400.9995058407062,False
390,391,0,0,1453.4827901372723,7273.594071095512,eMX2yMFlzK,gvh4N5IeGk,1734.4030660486933,1883.4381578914993,1126.9272936014042,1133.2149107953342,False
391,392,0,0,2976.3898095707,3708.3715728092784,9bxpspL3ln,MrlGhS7kJI,1789.5059812828547,971.3758601497136,1896.3538327544982,1426.6285319590802,False
392,393,0,0,5587.417373361442,3432.5769364668995,PlOnOlhqHV,opGrLvlYQX,1125.5179563787033,1939.1943742713866,1700.2248970790956,1643.4544594816305,True
393,394,0,0,1682.630235272999,1403.1023310012483,rwxxuJORqB,yrS87ohIyi,1027.2284819287247,1985.047738900669,951.2079973755986,1896.0329264459303,False
394,395,0,0,1072.4694521406395,6008.158088258538,REZNxbZSMa,i91uDEcpie,1216.5487432256782,1825.130305373372,1766.1491238438273,936.1305516022901,False
395,396,0,0,4836.151139369342,7428.198885014684,04ZZRj8WgG,SClqCQkV5h,916.5470373497978,1901.5804706298202,1675.75691543006,1169.3118937778163,True
396,397,0,0,8705.876293899928,3807.17192457602,Phz2l1W707,QwCNHP7LgF,1224.182453758603,1216.7450108302573,1454.4897391818317,1301.525612895915,True
397,398,0,0,1720.420427229521,5070.201956841198,oBFGa6O1VM,Vdrlu0JBq2,774.672607887636,740.8030921790333,1117.663237482079,1560.3445803817133,False
398,399,0,0,8393.071443326098,6743.774877024962,2O4g7RahOm,PPUKKUbFu1,850.5259175745438,979.5820292651465,1948.8806261762354,1828.5236787420401,True
399,400,0,0,7613.070033915842,3324.1413374138037,xJjdtKppOJ,ipVJS7kbvH,1177.5511184181769,1029.0770846941082,950.6397369078563,1149.1370740293821,True
400,401,0,0,6794.165021161772,5839.403148853607,6YiI0ghhP1,FE8TEtZENQ,1919.5161588503233,759.6558039063202,1490.4539952393197,1108.4158775890623,True
401,402,0,0,7321.890644727185,2835.4147846781066,y5FzgYcwTy,VTajSUI3Vv,728.1851786707981,844.4880591185009,1661.3831177287857,984.7047775312284,True
402,403,0,0,7494.731422526955,3094.0132593088683,NcMghJymD8,p5awhbEKpY,1844.7606761673137,1619.1054307824124,1401.3785159126674,1415.9839482341301,True
403,404,0,0,4708.672997922889,7316.987229218071,UKllChXeOY,6luXQ3Ee8W,1692.5488786714018,1525.5336108932108,783.4217037638764,1899.5427601808522,True
404,405,0,0,1439.1347111810044,4947.47389001462,nA50cr2ahK,gzZcskpFnT,746.338520254782,1589.3572568434427,940.4737448250773,848.7818299243552,False
405,406,0,0,4691.033348611388,8597.600742139444,It98JDxb3Y,PYlg7xV97i,1125.556875734832,1937.8954286200221,1695.9016160518677,820.4520753709991,True
406,407,0,0,1538.2598181799117,7019.816818590778,d2gVi4ftvg,Phz2l1W707,1442.092941628303,1720.6170798047865,1612.460610271489,704.7916678512128,False
407,408,0,0,4947.320432436523,2764.5107212589387,i7UBAJDK91,pEIO3rwE5R,1932.5958356394628,909.1075166829172,1589.811861721909,1906.4582257909854,False
408,409,0,0,857.8752728719779,5513.402875819288,UKBOIXXXE0,9YlMT2rG0e,1733.093661336159,1324.907374267697,1569.3369913999115,709.4547867451067,False
409,410,0,0,4243.583866224735,5492.8012645045355,2glj5CNYGZ,FE8TEtZENQ,1432.604745159902,858.6935422661201,828.2511104653856,1204.4598840507579,True
410,411,0,0,8508.699493702523,7582.643600892841,d9l0F6BC31,C1DKbfYGIg,982.3818134244242,1534.8224482550477,924.0234150617229,1424.3208852008288,True
411,412,0,0,3169.554061526421,2500.1604293645278,srDUePodOy,QTXP8ZXSVb,1432.1153677639813,1176.297963090479,1873.8894601606153,1841.6354216845452,False
412,413,0,0,5722.569972162383,1403.9385852973433,PPUKKUbFu1,TEFQyNSLwH,1111.175703076336,1348.6820035676792,1795.5435123169402,1524.8756423970929,False
413,414,0,0,5833.933401962118,984.4662911192013,AdkmqfQqos,L29BpZQ44N,1632.1118623226319,1039.3307905866754,1044.3158162325485,1577.473077890464,False
414,415,0,0,2808.315139810489,2456.2033590620076,UKBOIXXXE0,kf6oIXQH5K,1218.9962918853873,934.9710781792447,1446.7792810665424,973.6349737704862,False
415,416,0,0,6637.864007637668,6203.659481417405,U2xNA19JjH,q3W48Pfuvl,1619.238432267835,1987.5436650572337,1790.3529821696563,907.1322507057674,True
416,417,0,0,1879.9443235296349,1769.1683130596548,DMUQcQyrmd,H6qOGgUrHq,1943.6983583833212,878.3489076403646,1367.7742849409558,944.5658693982768,False
417,418,0,0,8028.362399557861,7234.474484412263,bef3dIzNrA,ZoUhaOuQqt,1288.1182739169108,1783.1589277860126,1167.9652683626116,1305.3400493545257,True
418,419,0,0,7623.484942171884,2380.24967206565,HNBfESy2HQ,Phz2l1W707,800.4560941673622,758.677823856631,1903.9349559079576,788.6820699280186,True
419,420,0,0,4617.572328617778,2662.1684197134364,EHHxlNtTsL,iIy8AAKcYH,1730.7375112040122,1404.1213636330813,1242.6193221920626,1118.1150478317597,False
420,421,0,0,6855.987762615134,6091.7370772694685,VBefej7NlK,RcRuWKf4EC,1127.2345095957203,1071.2052981636853,903.4502190812536,1056.7173917387643,True
421,422,0,0,4395.803676401674,8210.228455058608,gzZcskpFnT,wUBfFh6VNp,1154.8055176862529,829.7925643205671,732.4311068892823,1445.1952811036936,True
422,423,0,0,1003.5801771600029,3055.81567471883,6xmvFFk9LN,ZRqXxXzRsO,729.8929827176125,1349.1771106410367,768.9103083798599,1451.4659504112972,False
423,424,0,0,6270.97334430246,3445.9779270340696,408mOjKh9h,TAWQEoWjuu,1891.2466230689822,1066.100169126236,986.35975150384,1970.5019984106418,True
424,425,0,0,1741.3233447215391,1490.0773173779523,WONv1E6kuP,wA3oBcSn4v,1241.534153928444,846.7121664267861,1895.1516332503977,1889.9808245142128,False
425,426,0,0,6008.814317270416,6525.1951102510675,VzJ2n4dUan,nAx0x7kotb,1206.2511481366917,1447.8367978466604,1942.669588751363,1102.4067243837492,True
426,427,0,0,8883.985082638439,3544.1614674767006,IqPRR9viPf,e74dFXq3KR,1054.8835539880422,1871.2600343640688,1691.7963174602946,1132.6993783067865,True
427,428,0,0,5068.826404873993,1844.669935180528,l6pmM592Q7,R2BGBVHZks,878.0769251524597,889.4470014989329,953.6170117800068,1283.0634307903779,False
428,429,0,0,2427.681955145842,3530.7326180762407,FlYTb2Z0sG,Au5W1smI2P,1102.1755240672578,726.909596789093,1330.0965109155459,1235.9567337117724,False
429,430,0,0,5232.6882436145615,3538.081351783856,d9l0F6BC31,nYHWg6DwOp,1020.7857897829983,1515.0390712432154,810.7408770682706,985.8953391953444,False
430,431,0,0,3386.0864362302973,8993.523120404681,aC8RuQsXcT,fOyIlbNQuz,1174.9360067822454,1408.7583534862815,1694.8191583599014,1298.0178981166923,True
431,432,0,0,6460.055453866534,8222.090483874399,6xmvFFk9LN,XlzSWrOers,1435.200998578398,1959.5106022534155,1518.0425218102841,899.6733069218905,True
432,433,0,0,2091.4220989532587,6307.117728685514,PwCG66Ti4H,gbDsHogEX1,872.7246136278314,1890.3970166915435,924.3643808916135,840.4227147868158,False
433,434,0,0,4548.416874318012,5064.963211101687,pB7iSK3YI7,ZoUhaOuQqt,893.2929023907368,1704.821189672307,1984.3611695633047,884.1573250446121,True
434,435,0,0,7511.562844931097,3957.728534252037,5Lc4ztYczI,lu3Bg1Buvs,1176.833719712192,1075.56438812898,1888.6170519873112,721.6265240051163,True
435,436,0,0,7900.122057869112,8657.282933622439,AiL6uULzat,d2gVi4ftvg,773.2578172379015,1029.4553394677268,1320.2547680288271,1616.240381141511,True
436,437,0,0,4374.6287694404145,1672.2648395963984,EX6SYjWBoL,0WMxtric9b,1785.645881117266,1779.1984660319154,1927.9993508955208,943.1016383606886,False
437,438,0,0,6061.920892735332,4323.79007073673,b3zIfABGMA,YG0U3MBD7S,1589.3735196207485,1298.2127296411822,892.7411116975641,871.4536628579174,True
438,439,0,0,1027.0741744599084,2064.6190763284085,7L3RoqA5QF,W7HRwIdVEy,1976.1839517561434,1774.6712997414602,1318.639449937393,1812.8896766824064,False
439,440,0,0,8048.923865916578,2372.488521583595,f5REc3znzt,DJtyTBshjK,1249.243914738161,1748.83421837455,1600.6816737863955,1488.8813850214633,True
440,441,0,0,2420.5606517861934,4570.001914700337,VzJ2n4dUan,6YiI0ghhP1,1608.4611478775498,1293.351110883059,1496.909784609131,1348.228968819029,False
441,442,0,0,3124.921669706883,1145.9850676473543,d2gVi4ftvg,YYJUIFIaUx,1619.6515076118935,1357.366705839534,1862.2472338573416,1536.0143477564548,False
442,443,0,0,1715.631676519939,2293.5316215900666,s5DBFKV11r,AgUPfjTUzV,1392.8731637864744,1705.9562383374528,1320.841380211506,1928.9711374428603,False
443,444,0,0,4127.272399083769,5259.574454922166,Mhrh26IbMe,05OgaQd8F7,1156.5694718328505,1617.455740577785,862.3021564129343,903.9928281976682,True
444,445,0,0,7054.580226413786,7145.856899929841,5aXKVH3tKZ,6yOngQTfCY,1293.805172433526,1622.9383077887496,1820.7720907774512,1811.45003111296,True
445,446,0,0,5943.318792897115,1889.161404738616,VmiNqfrw6s,h9YId1qMmT,712.5937087818871,1682.2455996495953,1955.1100511901384,1301.5332247469169,False
446,447,0,0,3894.071575624315,1328.4856645761035,QrYj6AVibj,AhIY29FMTp,1771.0040185979478,1486.4850935760103,1064.0448396397517,1639.4180122008083,False
447,448,0,0,6893.068967497986,5206.091056693899,rMujkR6nv9,8BZ6HW9FOh,1642.0070980796036,791.7427770803405,1039.6694788762761,1055.9326154914902,True
448,449,0,0,5552.890081756476,5355.213628030204,3PZoU3UzRO,t6dYSEjZrk,1102.5018009382418,1326.0518495828728,916.1733175195168,1897.3868792824646,True
449,450,0,0,4747.260708262166,3737.0258448222203,RcRuWKf4EC,rUPnqlNf5O,1142.6228441341982,1847.9212277430659,1735.969183888927,1878.4991581042027,False
450,451,0,0,5687.255857950349,1258.70702358657,qGhsMrtY1S,DW7RduPAAz,1115.0896178934945,956.6637134978696,1546.7743456034946,1238.767885780256,False
451,452,0,0,4610.955035566484,8629.472889701423,aC8RuQsXcT,e74dFXq3KR,1482.2677757047604,988.5707291516769,1130.9945048368338,1790.7214505106697,True
452,453,0,0,6190.65437084677,6636.207676299502,UYl7UzWwKH,2TPOOheAh2,1343.7770339898093,1230.4639458302192,1944.1689440420712,1673.8135087890605,True
453,454,0,0,2245.667204622767,1034.6016750932815,FlYTb2Z0sG,WvgyIlZYjl,1991.1657183327964,1900.846254977586,1560.6363893681075,1290.2706871642795,False
454,455,0,0,7567.32326111914,4013.43828535843,i7UBAJDK91,keYoHLBPvl,775.5197184022068,1343.1382908203072,1014.2839137508129,831.7411653660504,True
455,456,0,0,6363.7861228625925,2131.501794551109,L0KNq4bdvh,5m2XuFzwno,1955.715484374783,1037.0409141881773,1374.5243984986532,1102.9210839355706,False
456,457,0,0,5060.67731105717,7294.975527430369,8KkriJCsva,BRCos59LnF,978.309533818684,1398.8529189704113,1049.5259441807707,1058.2586700167262,True
457,458,0,0,5509.20829960638,841.7394384258428,qwfE5FLqhp,nwcX3i4A1C,1523.3984728487449,1401.8140793844648,708.1065038949747,1651.6991850797135,False
458,459,0,0,5696.266917927818,4863.300597723152,sheOXLyiZe,fOyIlbNQuz,798.200149839079,1312.9100114991325,1548.762354403701,1619.1935531286767,True
459,460,0,0,836.1034324595307,4636.44849480546,aC8RuQsXcT,VhlNkeHEth,1866.3109413147547,1670.0833264148555,1135.0262512306376,1642.2128947731703,False
460,461,0,0,4737.839208677832,8518.69712187591,2glj5CNYGZ,lu3Bg1Buvs,1916.9166702416017,1845.6288598560513,1018.6756224856414,1091.4220835536235,True
461,462,0,0,8672.824182909435,7685.166363258799,QbjmNZU2AS,W7HRwIdVEy,1991.9659184370776,1982.4707584423838,1037.5110350649582,1606.360428998266,True
462,463,0,0,8706.096296330199,4648.813669993986,cTTDNH6dYn,5IXW2nB5qZ,979.8758176111306,1883.5500301479078,1936.6343116819244,1939.9216809263787,True
463,464,0,0,8823.751342234196,4444.049354334147,frOpw59C0l,Au5W1smI2P,1429.4031401239627,874.2155726056994,1575.2603654854054,1020.5836156995116,True
464,465,0,0,4267.4834421632995,3681.0385246388732,DrlFBABKU4,nbuSZKeUAX,1564.091900830051,1797.6188281779675,1503.813892395378,1709.3882589615448,False
465,466,0,0,3147.837197687763,8312.893443516608,LcYDfINzCx,REZNxbZSMa,1117.1219565399003,893.553407735297,1500.8774351201678,1568.7887297431807,True
466,467,0,0,8753.63945146079,4761.598390799216,pwLAlqDLVY,SnaAdx6kty,1056.5000972798734,1527.4443655859964,759.5059053414053,1498.2810690766096,True
467,468,0,0,1113.3612437921834,2483.718723720736,05OgaQd8F7,VhlNkeHEth,1190.2844016137724,701.857329729548,1044.1246425761076,950.2909204251932,False
468,469,0,0,1370.3182401531826,2983.4120106231544,qVTf6Uqrw0,EvUEUV28Dq,1528.705789636471,1825.343873770523,782.7333592185025,916.7686895153404,False
469,470,0,0,1591.9681123777111,2866.550137147298,zOwls6nu65,sfBI6VXgNp,1325.0508201042271,939.6474942101339,1335.0845485574848,1685.2823850253503,False
470,471,0,0,3228.418427488407,6449.857464567998,3yMzWXA46x,SdTHtUEM4N,1616.856671534857,854.0888088105996,1386.6519334808884,1337.0369010639326,True
471,472,0,0,2549.842139715929,5936.890035834742,IqPRR9viPf,4Ydcb5nl3n,1991.6044958979667,870.6533412135695,825.8976933677451,1435.010731826707,False
472,473,0,0,8063.9919123694135,7543.037188256822,iFNOKPYNoL,czJUutcY9I,1573.607248616379,1660.6550752844885,756.2811970334053,1089.2988488895953,True
473,474,0,0,5697.9703336910825,3253.5645390974573,qApMuAvJWo,gbDsHogEX1,1375.9015848914346,1929.5095067296031,1484.0688966887315,734.9225790200842,False
474,475,0,0,1542.1141636048656,2852.6415198413283,s2jXta29OY,B2tNA1RZ3S,1299.7761404089752,871.2479243591837,1954.007736098314,1426.970236939368,False
475,476,0,0,6589.6156528896745,7356.808970846829,nYHWg6DwOp,XZbxqqU9ao,1608.0418106460738,1166.6775071363945,1068.0503236944899,1000.9993357458164,True
476,477,0,0,4414.999656360582,3742.786602847771,Lryn9YWNmi,qEuAojliGU,1492.3742559136595,1211.9496297745677,1333.1084379111894,838.8807065635197,False
477,478,0,0,2152.7450406912308,6900.630029566271,W53ysTHMjk,aC8RuQsXcT,1858.499307127028,1080.5611148459473,1593.5527089408872,904.7620538333813,True
478,479,0,0,5425.596812624506,7665.425926306347,f9O8iSB7qv,xzyG1UtmuQ,1819.99653270328,892.7913300151897,1862.0803197244197,1141.9662838985694,True
479,480,0,0,4612.770071428138,1016.3395553623484,qGhsMrtY1S,s2jXta29OY,985.3734111707993,984.0758564252275,1522.6213394953356,835.492404514915,False
480,481,0,0,3652.154729436786,2206.6185686677245,BRCos59LnF,czJUutcY9I,1089.9510983923092,1763.081915639518,1023.3574234883392,1715.302923884639,False
481,482,0,0,5438.425262939401,4445.876831349357,DJtyTBshjK,It98JDxb3Y,1966.6543003492177,1766.9286709117935,892.8872325552715,1596.8411922212526,True
482,483,0,0,3091.317138640322,7674.724919026052,ZoUhaOuQqt,6YiI0ghhP1,1942.8126307298126,1816.2084169821703,1391.1078961627964,1132.398794837069,True
483,484,0,0,7747.818395912854,4294.234011075111,sheOXLyiZe,h7mbhdtXFI,1303.9035863099016,1211.3705020110053,1814.9809593108625,1469.4149304522439,True
484,485,0,0,6696.950614835109,8174.36355701329,YG0U3MBD7S,ecGhP76InJ,1672.8227576387703,800.7914281756191,1491.07114243897,1296.0547106280756,True
485,486,0,0,1791.2334333331246,7296.280732908076,XlzSWrOers,9bxpspL3ln,1034.1938657946714,1347.4361050099628,750.9865091801652,874.2532013739299,True
486,487,0,0,1225.5702027299963,8665.870065195324,yrS87ohIyi,8yy4FPWFyH,1493.4275445757498,1442.9880081169047,1124.1323574871628,1565.7158630965703,True
487,488,0,0,6532.0347482409,1475.054198245428,T9yoobID4O,rAEWU9PmnL,1923.1243188544606,1809.5148542461015,1843.583701744784,803.3498819596315,False
488,489,0,0,5114.010117875907,6248.721440126123,fshQyKUYJU,yd29eEV4mC,812.6962333290696,993.2992504128995,1637.095840335601,1015.376445262536,True
489,490,0,0,2545.4283082821285,7609.4689466749805,VLjVgL5N5r,zrBSZLg75Z,1933.377199863953,973.0647750720891,1037.5933973603128,1539.4758224250481,True
490,491,0,0,4242.58504450259,4282.002528003573,D5bv01CkCW,RIOghI6FOP,1954.55850172166,1861.487399249453,1204.2208103431929,1039.6482805310948,False
491,492,0,0,2056.1515408622995,4019.27067324584,AdkmqfQqos,xzyG1UtmuQ,999.5840912102406,1090.5961294717072,703.8508506235014,1235.386341965227,False
492,493,0,0,6240.3020985292105,1189.3274861920904,lNl0LEbKXd,nkqtu8yD4R,1707.0100977360012,1002.0473499860348,1943.9366679679017,1272.6957465656224,False
493,494,0,0,4421.360598463098,6450.586346931423,wyDO3oVx7A,POr9KxpHK5,1693.600681305989,1598.0699407335874,1731.808873378019,1125.2800887403432,True
494,495,0,0,7492.305046473706,1369.024640034619,jZCWLfIDae,6luXQ3Ee8W,1697.2054131360537,1502.6135425256316,1878.816340059586,1220.7279753507714,False
495,496,0,0,2405.1359610338523,6147.976127743865,nYVCJqXqT0,D5bv01CkCW,1410.7568687224386,737.7601812833575,1603.2968461989624,1816.5291973566766,False
496,497,0,0,2021.7583051938268,6034.984158703834,U2xNA19JjH,gbDsHogEX1,967.7852999951785,1273.269868482112,1235.5337880066236,1528.665421196701,False
497,498,0,0,7102.045719661089,1063.6422731060434,kpY9Ej2mVA,srDUePodOy,1909.7864925902923,1915.5169161270765,815.1681612800111,1109.981432682323,False
498,499,0,0,3083.7624536648505,4298.833609320129,aabRxkzonD,SAvc3kWhVB,918.2518051374138,1069.7575301880327,821.3279970369903,1183.2622394125376,False
499,500,0,0,4653.662506022512,8475.023552656508,3yMzWXA46x,ZjNEo4xgDp,1215.5007049133749,936.4906647436023,1913.2048357915207,965.7262680954816,True
